,state,labels
0,AL,1.0
1,AR,4.272727272727273
2,AZ,4.6
3,CA,2.2
4,CO,4.272727272727273
5,CT,3.25
6,DE,1.0
7,FL,6.3999999999999995
8,GA,2.5
9,IA,4.6
10,ID,1.0
11,IL,1.0
12,IN,1.0
13,KS,1.0
14,KY,1.0
15,LA,8.5
16,MA,1.0
17,MD,5.0
18,ME,1.0
19,MI,1.0
20,MN,1.0
21,MO,4.272727272727273
22,MS,4.0
23,MT,1.0
24,NC,3.0
25,ND,3.571428571428571
26,NE,1.0
27,NH,1.0
28,NJ,5.0
29,NM,3.25
30,NV,1.0
31,NY,4.272727272727273
32,OH,1.0
33,OK,6.7272727272727275
34,OR,1.0
35,PA,3.25
36,RI,10.0
37,SC,1.0
38,SD,4.6
39,TN,4.6
40,TX,6.142857142857142
41,UT,1.0
42,VA,1.0
43,VT,3.571428571428571
44,WA,2.7142857142857144
45,WI,1.0
46,WV,2.5
47,WY,5.5
