,state,labels
0,AL,1.0
1,AR,2.6363636363636362
2,AZ,2.8
3,CA,1.6
4,CO,2.6363636363636362
5,CT,2.125
6,DE,1.0
7,FL,3.7
8,GA,1.75
9,IA,2.8
10,ID,1.0
11,IL,1.0
12,IN,1.0
13,KS,1.0
14,KY,1.0
15,LA,4.75
16,MA,1.0
17,MD,3.0
18,ME,1.0
19,MI,1.0
20,MN,1.0
21,MO,2.6363636363636362
22,MS,2.5
23,MT,1.0
24,NC,2.0
25,ND,2.2857142857142856
26,NE,1.0
27,NH,1.0
28,NJ,3.0
29,NM,2.125
30,NV,1.0
31,NY,2.6363636363636362
32,OH,1.0
33,OK,3.8636363636363638
34,OR,1.0
35,PA,2.125
36,RI,5.5
37,SC,1.0
38,SD,2.8
39,TN,2.8
40,TX,3.5714285714285716
41,UT,1.0
42,VA,1.0
43,VT,2.2857142857142856
44,WA,1.8571428571428572
45,WI,1.0
46,WV,1.75
47,WY,3.25
