state,score
AL,1.9859052397503536
AR,1.554090083422928
AZ,2.42500757285469
CA,9.797444137779355
CO,2.1089421181513566
CT,1.7012859491193917
DE,1.0869717117386937
FL,5.472927951387613
GA,3.2009880175595464
IA,1.5872538305921176
ID,1.247224294409271
IL,3.836027763993003
IN,2.3899924077003156
KS,1.5382526536797856
KY,1.8857773468010106
LA,1.939791986270145
MA,2.4269521463289756
MD,2.2484850566949803
ME,1.1753387624750402
MI,3.1549858934704673
MN,2.1294816047529763
MO,2.2690540487180115
MS,1.5571292608383118
MT,1.1036828541655963
NC,3.1648115802946766
ND,1.0396205028810834
NE,1.3041462139399536
NH,1.1799248070871544
NJ,2.931935812927175
NM,1.348405478052565
NV,1.5314259762205311
NY,5.414000825481291
OH,3.543080623960067
OK,1.7628544490274707
OR,1.791871998484025
PA,3.8191135142871757
RI,1.1135963518267746
SC,1.9859441118861714
SD,1.0646480129970923
TN,2.3798760269863295
TX,7.093352628826107
UT,1.552219649460207
VA,2.787918608370635
VT,1.0143684630543655
WA,2.5061364686928775
WI,2.1978770921163937
WV,1.2926652013703572
WY,1.0077179386323698
